timestamp,kwh,building_name
2024-01-01 00:00:00,60.57,Building A
2024-01-01 01:00:00,63.66,Building A
2024-01-01 02:00:00,82.58,Building A
2024-01-01 03:00:00,84.35,Building A
2024-01-01 04:00:00,64.36,Building A
2024-01-01 05:00:00,74.45,Building A
2024-01-01 06:00:00,102.73,Building A
2024-01-01 07:00:00,118.49,Building A
2024-01-01 08:00:00,105.85,Building A
2024-01-01 09:00:00,148.65,Building A
2024-01-01 10:00:00,144.12,Building A
2024-01-01 11:00:00,152.13,Building A
2024-01-01 12:00:00,157.48,Building A
2024-01-01 13:00:00,181.64,Building A
2024-01-01 14:00:00,156.94,Building A
2024-01-01 15:00:00,156.34,Building A
2024-01-01 16:00:00,172.1,Building A
2024-01-01 17:00:00,157.59,Building A
2024-01-01 18:00:00,118.78,Building A
2024-01-01 19:00:00,121.89,Building A
2024-01-01 20:00:00,116.16,Building A
2024-01-01 21:00:00,134.82,Building A
2024-01-01 22:00:00,72.44,Building A
2024-01-01 23:00:00,80.35,Building A
2024-01-02 00:00:00,67.29,Building A
2024-01-02 01:00:00,68.31,Building A
2024-01-02 02:00:00,70.49,Building A
2024-01-02 03:00:00,65.01,Building A
2024-01-02 04:00:00,74.82,Building A
2024-01-02 05:00:00,76.43,Building A
2024-01-02 06:00:00,102.8,Building A
2024-01-02 07:00:00,120.5,Building A
2024-01-02 08:00:00,106.48,Building A
2024-01-02 09:00:00,148.46,Building A
2024-01-02 10:00:00,175.32,Building A
2024-01-02 11:00:00,169.07,Building A
2024-01-02 12:00:00,169.15,Building A
2024-01-02 13:00:00,152.65,Building A
2024-01-02 14:00:00,176.28,Building A
2024-01-02 15:00:00,171.96,Building A
2024-01-02 16:00:00,167.28,Building A
2024-01-02 17:00:00,174.97,Building A
2024-01-02 18:00:00,127.52,Building A
2024-01-02 19:00:00,106.09,Building A
2024-01-02 20:00:00,127.77,Building A
2024-01-02 21:00:00,116.89,Building A
2024-01-02 22:00:00,69.87,Building A
2024-01-02 23:00:00,78.02,Building A
2024-01-03 00:00:00,67.08,Building A
2024-01-03 01:00:00,77.35,Building A
2024-01-03 02:00:00,64.46,Building A
2024-01-03 03:00:00,71.14,Building A
2024-01-03 04:00:00,79.9,Building A
2024-01-03 05:00:00,69.99,Building A
2024-01-03 06:00:00,114.88,Building A
2024-01-03 07:00:00,94.05,Building A
2024-01-03 08:00:00,118.7,Building A
2024-01-03 09:00:00,153.73,Building A
2024-01-03 10:00:00,165.32,Building A
2024-01-03 11:00:00,154.74,Building A
2024-01-03 12:00:00,149.99,Building A
2024-01-03 13:00:00,179.39,Building A
2024-01-03 14:00:00,161.04,Building A
2024-01-03 15:00:00,154.65,Building A
2024-01-03 16:00:00,158.29,Building A
2024-01-03 17:00:00,167.55,Building A
2024-01-03 18:00:00,126.61,Building A
2024-01-03 19:00:00,113.25,Building A
2024-01-03 20:00:00,134.58,Building A
2024-01-03 21:00:00,124.41,Building A
2024-01-03 22:00:00,86.57,Building A
2024-01-03 23:00:00,85.9,Building A
2024-01-04 00:00:00,68.58,Building A
2024-01-04 01:00:00,75.38,Building A
2024-01-04 02:00:00,65.79,Building A
2024-01-04 03:00:00,80.62,Building A
2024-01-04 04:00:00,66.85,Building A
2024-01-04 05:00:00,68.68,Building A
2024-01-04 06:00:00,107.85,Building A
2024-01-04 07:00:00,100.62,Building A
2024-01-04 08:00:00,116.44,Building A
2024-01-04 09:00:00,174.8,Building A
2024-01-04 10:00:00,168.86,Building A
2024-01-04 11:00:00,165.37,Building A
2024-01-04 12:00:00,156.95,Building A
2024-01-04 13:00:00,165.28,Building A
2024-01-04 14:00:00,175.14,Building A
2024-01-04 15:00:00,147.45,Building A
2024-01-04 16:00:00,154.47,Building A
2024-01-04 17:00:00,151.8,Building A
2024-01-04 18:00:00,125.46,Building A
2024-01-04 19:00:00,132.54,Building A
2024-01-04 20:00:00,129.83,Building A
2024-01-04 21:00:00,108.3,Building A
2024-01-04 22:00:00,95.46,Building A
2024-01-04 23:00:00,77.31,Building A
2024-01-05 00:00:00,64.84,Building A
2024-01-05 01:00:00,69.97,Building A
2024-01-05 02:00:00,76.02,Building A
2024-01-05 03:00:00,80.35,Building A
2024-01-05 04:00:00,64.91,Building A
2024-01-05 05:00:00,79.96,Building A
2024-01-05 06:00:00,108.72,Building A
2024-01-05 07:00:00,98.66,Building A
2024-01-05 08:00:00,111.63,Building A
2024-01-05 09:00:00,152.34,Building A
2024-01-05 10:00:00,173.24,Building A
2024-01-05 11:00:00,160.83,Building A
2024-01-05 12:00:00,161.89,Building A
2024-01-05 13:00:00,164.47,Building A
2024-01-05 14:00:00,168.68,Building A
2024-01-05 15:00:00,144.93,Building A
2024-01-05 16:00:00,172.84,Building A
2024-01-05 17:00:00,150.93,Building A
2024-01-05 18:00:00,127.62,Building A
2024-01-05 19:00:00,128.95,Building A
2024-01-05 20:00:00,121.38,Building A
2024-01-05 21:00:00,114.76,Building A
2024-01-05 22:00:00,90.47,Building A
2024-01-05 23:00:00,76.24,Building A
2024-01-06 00:00:00,41.4,Building A
2024-01-06 01:00:00,42.93,Building A
2024-01-06 02:00:00,51.18,Building A
2024-01-06 03:00:00,49.04,Building A
2024-01-06 04:00:00,39.16,Building A
2024-01-06 05:00:00,45.45,Building A
2024-01-06 06:00:00,65.18,Building A
2024-01-06 07:00:00,70.08,Building A
2024-01-06 08:00:00,69.31,Building A
2024-01-06 09:00:00,93.91,Building A
2024-01-06 10:00:00,104.99,Building A
2024-01-06 11:00:00,96.74,Building A
2024-01-06 12:00:00,105.41,Building A
2024-01-06 13:00:00,97.67,Building A
2024-01-06 14:00:00,105.1,Building A
2024-01-06 15:00:00,87.41,Building A
2024-01-06 16:00:00,94.25,Building A
2024-01-06 17:00:00,104.45,Building A
2024-01-06 18:00:00,77.23,Building A
2024-01-06 19:00:00,74.2,Building A
2024-01-06 20:00:00,77.95,Building A
2024-01-06 21:00:00,68.89,Building A
2024-01-06 22:00:00,56.0,Building A
2024-01-06 23:00:00,50.49,Building A
2024-01-07 00:00:00,40.66,Building A
2024-01-07 01:00:00,39.08,Building A
2024-01-07 02:00:00,45.6,Building A
2024-01-07 03:00:00,44.87,Building A
2024-01-07 04:00:00,34.83,Building A
2024-01-07 05:00:00,39.51,Building A
2024-01-07 06:00:00,59.68,Building A
2024-01-07 07:00:00,65.17,Building A
2024-01-07 08:00:00,61.85,Building A
2024-01-07 09:00:00,101.52,Building A
2024-01-07 10:00:00,105.8,Building A
2024-01-07 11:00:00,101.78,Building A
2024-01-07 12:00:00,104.38,Building A
2024-01-07 13:00:00,103.24,Building A
2024-01-07 14:00:00,100.73,Building A
2024-01-07 15:00:00,100.25,Building A
2024-01-07 16:00:00,90.61,Building A
2024-01-07 17:00:00,96.85,Building A
2024-01-07 18:00:00,78.27,Building A
2024-01-07 19:00:00,64.22,Building A
2024-01-07 20:00:00,67.43,Building A
2024-01-07 21:00:00,67.37,Building A
2024-01-07 22:00:00,48.11,Building A
2024-01-07 23:00:00,49.53,Building A
2024-01-08 00:00:00,81.62,Building A
2024-01-08 01:00:00,82.11,Building A
2024-01-08 02:00:00,65.3,Building A
2024-01-08 03:00:00,73.63,Building A
2024-01-08 04:00:00,81.18,Building A
2024-01-08 05:00:00,79.37,Building A
2024-01-08 06:00:00,96.27,Building A
2024-01-08 07:00:00,95.12,Building A
2024-01-08 08:00:00,103.24,Building A
2024-01-08 09:00:00,167.23,Building A
2024-01-08 10:00:00,167.86,Building A
2024-01-08 11:00:00,160.13,Building A
2024-01-08 12:00:00,173.77,Building A
2024-01-08 13:00:00,159.62,Building A
2024-01-08 14:00:00,182.67,Building A
2024-01-08 15:00:00,145.68,Building A
2024-01-08 16:00:00,143.69,Building A
2024-01-08 17:00:00,157.09,Building A
2024-01-08 18:00:00,129.66,Building A
2024-01-08 19:00:00,120.71,Building A
2024-01-08 20:00:00,103.84,Building A
2024-01-08 21:00:00,124.19,Building A
2024-01-08 22:00:00,89.9,Building A
2024-01-08 23:00:00,73.49,Building A
2024-01-09 00:00:00,74.35,Building A
2024-01-09 01:00:00,77.96,Building A
2024-01-09 02:00:00,84.18,Building A
2024-01-09 03:00:00,76.99,Building A
2024-01-09 04:00:00,69.64,Building A
2024-01-09 05:00:00,72.63,Building A
2024-01-09 06:00:00,115.17,Building A
2024-01-09 07:00:00,103.41,Building A
2024-01-09 08:00:00,108.01,Building A
2024-01-09 09:00:00,154.32,Building A
2024-01-09 10:00:00,180.61,Building A
2024-01-09 11:00:00,179.36,Building A
2024-01-09 12:00:00,155.12,Building A
2024-01-09 13:00:00,166.89,Building A
2024-01-09 14:00:00,144.57,Building A
2024-01-09 15:00:00,140.89,Building A
2024-01-09 16:00:00,152.56,Building A
2024-01-09 17:00:00,150.09,Building A
2024-01-09 18:00:00,110.48,Building A
2024-01-09 19:00:00,126.08,Building A
2024-01-09 20:00:00,125.56,Building A
2024-01-09 21:00:00,117.91,Building A
2024-01-09 22:00:00,89.32,Building A
2024-01-09 23:00:00,91.7,Building A
2024-01-10 00:00:00,83.85,Building A
2024-01-10 01:00:00,64.39,Building A
2024-01-10 02:00:00,67.74,Building A
2024-01-10 03:00:00,75.76,Building A
2024-01-10 04:00:00,63.7,Building A
2024-01-10 05:00:00,78.79,Building A
2024-01-10 06:00:00,107.02,Building A
2024-01-10 07:00:00,102.12,Building A
2024-01-10 08:00:00,107.82,Building A
2024-01-10 09:00:00,141.57,Building A
2024-01-10 10:00:00,169.16,Building A
2024-01-10 11:00:00,181.62,Building A
2024-01-10 12:00:00,151.25,Building A
2024-01-10 13:00:00,172.8,Building A
2024-01-10 14:00:00,169.68,Building A
2024-01-10 15:00:00,165.34,Building A
2024-01-10 16:00:00,168.8,Building A
2024-01-10 17:00:00,153.35,Building A
2024-01-10 18:00:00,108.72,Building A
2024-01-10 19:00:00,135.62,Building A
2024-01-10 20:00:00,128.34,Building A
2024-01-10 21:00:00,127.7,Building A
2024-01-10 22:00:00,76.45,Building A
2024-01-10 23:00:00,78.07,Building A
2024-01-11 00:00:00,61.82,Building A
2024-01-11 01:00:00,67.91,Building A
2024-01-11 02:00:00,81.58,Building A
2024-01-11 03:00:00,84.61,Building A
2024-01-11 04:00:00,70.38,Building A
2024-01-11 05:00:00,79.33,Building A
2024-01-11 06:00:00,105.48,Building A
2024-01-11 07:00:00,99.99,Building A
2024-01-11 08:00:00,101.2,Building A
2024-01-11 09:00:00,169.85,Building A
2024-01-11 10:00:00,186.62,Building A
2024-01-11 11:00:00,164.57,Building A
2024-01-11 12:00:00,153.27,Building A
2024-01-11 13:00:00,170.12,Building A
2024-01-11 14:00:00,169.86,Building A
2024-01-11 15:00:00,171.98,Building A
2024-01-11 16:00:00,148.85,Building A
2024-01-11 17:00:00,150.2,Building A
2024-01-11 18:00:00,107.36,Building A
2024-01-11 19:00:00,118.11,Building A
2024-01-11 20:00:00,126.41,Building A
2024-01-11 21:00:00,119.99,Building A
2024-01-11 22:00:00,84.96,Building A
2024-01-11 23:00:00,75.65,Building A
2024-01-12 00:00:00,78.84,Building A
2024-01-12 01:00:00,61.49,Building A
2024-01-12 02:00:00,76.11,Building A
2024-01-12 03:00:00,64.08,Building A
2024-01-12 04:00:00,78.96,Building A
2024-01-12 05:00:00,68.03,Building A
2024-01-12 06:00:00,115.06,Building A
2024-01-12 07:00:00,116.8,Building A
2024-01-12 08:00:00,97.12,Building A
2024-01-12 09:00:00,185.74,Building A
2024-01-12 10:00:00,160.54,Building A
2024-01-12 11:00:00,151.95,Building A
2024-01-12 12:00:00,162.0,Building A
2024-01-12 13:00:00,161.47,Building A
2024-01-12 14:00:00,147.31,Building A
2024-01-12 15:00:00,176.29,Building A
2024-01-12 16:00:00,157.04,Building A
2024-01-12 17:00:00,152.59,Building A
2024-01-12 18:00:00,122.9,Building A
2024-01-12 19:00:00,133.44,Building A
2024-01-12 20:00:00,127.02,Building A
2024-01-12 21:00:00,133.64,Building A
2024-01-12 22:00:00,72.11,Building A
2024-01-12 23:00:00,95.75,Building A
2024-01-13 00:00:00,41.48,Building A
2024-01-13 01:00:00,35.54,Building A
2024-01-13 02:00:00,35.51,Building A
2024-01-13 03:00:00,47.02,Building A
2024-01-13 04:00:00,44.34,Building A
2024-01-13 05:00:00,52.31,Building A
2024-01-13 06:00:00,62.99,Building A
2024-01-13 07:00:00,62.64,Building A
2024-01-13 08:00:00,66.72,Building A
2024-01-13 09:00:00,103.26,Building A
2024-01-13 10:00:00,89.65,Building A
2024-01-13 11:00:00,94.61,Building A
2024-01-13 12:00:00,91.62,Building A
2024-01-13 13:00:00,89.27,Building A
2024-01-13 14:00:00,106.39,Building A
2024-01-13 15:00:00,83.77,Building A
2024-01-13 16:00:00,94.52,Building A
2024-01-13 17:00:00,87.54,Building A
2024-01-13 18:00:00,67.9,Building A
2024-01-13 19:00:00,68.83,Building A
2024-01-13 20:00:00,71.07,Building A
2024-01-13 21:00:00,78.78,Building A
2024-01-13 22:00:00,55.15,Building A
2024-01-13 23:00:00,53.25,Building A
2024-01-14 00:00:00,38.78,Building A
2024-01-14 01:00:00,40.67,Building A
2024-01-14 02:00:00,49.4,Building A
2024-01-14 03:00:00,41.54,Building A
2024-01-14 04:00:00,42.85,Building A
2024-01-14 05:00:00,40.36,Building A
2024-01-14 06:00:00,66.78,Building A
2024-01-14 07:00:00,61.87,Building A
2024-01-14 08:00:00,67.46,Building A
2024-01-14 09:00:00,96.0,Building A
2024-01-14 10:00:00,98.02,Building A
2024-01-14 11:00:00,87.56,Building A
2024-01-14 12:00:00,107.73,Building A
2024-01-14 13:00:00,110.81,Building A
2024-01-14 14:00:00,99.01,Building A
2024-01-14 15:00:00,91.27,Building A
2024-01-14 16:00:00,98.84,Building A
2024-01-14 17:00:00,99.17,Building A
2024-01-14 18:00:00,68.14,Building A
2024-01-14 19:00:00,67.46,Building A
2024-01-14 20:00:00,74.63,Building A
2024-01-14 21:00:00,71.89,Building A
2024-01-14 22:00:00,48.29,Building A
2024-01-14 23:00:00,44.67,Building A
2024-01-15 00:00:00,61.51,Building A
2024-01-15 01:00:00,64.3,Building A
2024-01-15 02:00:00,83.23,Building A
2024-01-15 03:00:00,79.4,Building A
2024-01-15 04:00:00,66.44,Building A
2024-01-15 05:00:00,70.19,Building A
2024-01-15 06:00:00,98.08,Building A
2024-01-15 07:00:00,104.69,Building A
2024-01-15 08:00:00,116.47,Building A
2024-01-15 09:00:00,169.95,Building A
2024-01-15 10:00:00,150.69,Building A
2024-01-15 11:00:00,160.5,Building A
2024-01-15 12:00:00,167.28,Building A
2024-01-15 13:00:00,164.37,Building A
2024-01-15 14:00:00,152.27,Building A
2024-01-15 15:00:00,161.02,Building A
2024-01-15 16:00:00,167.16,Building A
2024-01-15 17:00:00,158.96,Building A
2024-01-15 18:00:00,130.6,Building A
2024-01-15 19:00:00,108.79,Building A
2024-01-15 20:00:00,114.51,Building A
2024-01-15 21:00:00,126.27,Building A
2024-01-15 22:00:00,90.95,Building A
2024-01-15 23:00:00,85.57,Building A
2024-01-16 00:00:00,68.59,Building A
2024-01-16 01:00:00,77.93,Building A
2024-01-16 02:00:00,69.44,Building A
2024-01-16 03:00:00,71.9,Building A
2024-01-16 04:00:00,72.63,Building A
2024-01-16 05:00:00,67.45,Building A
2024-01-16 06:00:00,105.69,Building A
2024-01-16 07:00:00,108.06,Building A
2024-01-16 08:00:00,102.29,Building A
2024-01-16 09:00:00,157.78,Building A
2024-01-16 10:00:00,154.72,Building A
2024-01-16 11:00:00,169.21,Building A
2024-01-16 12:00:00,179.63,Building A
2024-01-16 13:00:00,154.33,Building A
2024-01-16 14:00:00,154.76,Building A
2024-01-16 15:00:00,178.66,Building A
2024-01-16 16:00:00,182.92,Building A
2024-01-16 17:00:00,154.52,Building A
2024-01-16 18:00:00,126.37,Building A
2024-01-16 19:00:00,108.59,Building A
2024-01-16 20:00:00,123.0,Building A
2024-01-16 21:00:00,130.62,Building A
2024-01-16 22:00:00,93.01,Building A
2024-01-16 23:00:00,89.18,Building A
2024-01-17 00:00:00,82.79,Building A
2024-01-17 01:00:00,78.74,Building A
2024-01-17 02:00:00,74.35,Building A
2024-01-17 03:00:00,71.71,Building A
2024-01-17 04:00:00,65.84,Building A
2024-01-17 05:00:00,85.15,Building A
2024-01-17 06:00:00,118.51,Building A
2024-01-17 07:00:00,111.96,Building A
2024-01-17 08:00:00,99.46,Building A
2024-01-17 09:00:00,167.77,Building A
2024-01-17 10:00:00,179.27,Building A
2024-01-17 11:00:00,177.06,Building A
2024-01-17 12:00:00,145.2,Building A
2024-01-17 13:00:00,176.39,Building A
2024-01-17 14:00:00,166.77,Building A
2024-01-17 15:00:00,159.71,Building A
2024-01-17 16:00:00,150.02,Building A
2024-01-17 17:00:00,158.79,Building A
2024-01-17 18:00:00,111.32,Building A
2024-01-17 19:00:00,132.66,Building A
2024-01-17 20:00:00,133.33,Building A
2024-01-17 21:00:00,129.55,Building A
2024-01-17 22:00:00,84.03,Building A
2024-01-17 23:00:00,90.79,Building A
2024-01-18 00:00:00,62.4,Building A
2024-01-18 01:00:00,68.93,Building A
2024-01-18 02:00:00,62.69,Building A
2024-01-18 03:00:00,69.53,Building A
2024-01-18 04:00:00,72.32,Building A
2024-01-18 05:00:00,77.44,Building A
2024-01-18 06:00:00,107.63,Building A
2024-01-18 07:00:00,116.24,Building A
2024-01-18 08:00:00,100.24,Building A
2024-01-18 09:00:00,160.79,Building A
2024-01-18 10:00:00,159.64,Building A
2024-01-18 11:00:00,178.01,Building A
2024-01-18 12:00:00,151.08,Building A
2024-01-18 13:00:00,147.69,Building A
2024-01-18 14:00:00,168.27,Building A
2024-01-18 15:00:00,155.98,Building A
2024-01-18 16:00:00,154.08,Building A
2024-01-18 17:00:00,142.64,Building A
2024-01-18 18:00:00,135.77,Building A
2024-01-18 19:00:00,121.78,Building A
2024-01-18 20:00:00,117.46,Building A
2024-01-18 21:00:00,129.92,Building A
2024-01-18 22:00:00,78.56,Building A
2024-01-18 23:00:00,80.67,Building A
2024-01-19 00:00:00,79.85,Building A
2024-01-19 01:00:00,66.64,Building A
2024-01-19 02:00:00,64.33,Building A
2024-01-19 03:00:00,79.81,Building A
2024-01-19 04:00:00,74.27,Building A
2024-01-19 05:00:00,79.78,Building A
2024-01-19 06:00:00,106.68,Building A
2024-01-19 07:00:00,110.16,Building A
2024-01-19 08:00:00,102.47,Building A
2024-01-19 09:00:00,159.69,Building A
2024-01-19 10:00:00,152.11,Building A
2024-01-19 11:00:00,183.17,Building A
2024-01-19 12:00:00,169.99,Building A
2024-01-19 13:00:00,148.27,Building A
2024-01-19 14:00:00,157.17,Building A
2024-01-19 15:00:00,158.41,Building A
2024-01-19 16:00:00,185.64,Building A
2024-01-19 17:00:00,159.02,Building A
2024-01-19 18:00:00,134.27,Building A
2024-01-19 19:00:00,116.64,Building A
2024-01-19 20:00:00,126.87,Building A
2024-01-19 21:00:00,112.79,Building A
2024-01-19 22:00:00,81.44,Building A
2024-01-19 23:00:00,80.08,Building A
2024-01-20 00:00:00,39.84,Building A
2024-01-20 01:00:00,44.53,Building A
2024-01-20 02:00:00,40.67,Building A
2024-01-20 03:00:00,48.37,Building A
2024-01-20 04:00:00,38.46,Building A
2024-01-20 05:00:00,44.46,Building A
2024-01-20 06:00:00,66.05,Building A
2024-01-20 07:00:00,69.6,Building A
2024-01-20 08:00:00,60.93,Building A
2024-01-20 09:00:00,90.86,Building A
2024-01-20 10:00:00,95.06,Building A
2024-01-20 11:00:00,98.71,Building A
2024-01-20 12:00:00,85.72,Building A
2024-01-20 13:00:00,90.74,Building A
2024-01-20 14:00:00,97.04,Building A
2024-01-20 15:00:00,104.3,Building A
2024-01-20 16:00:00,87.04,Building A
2024-01-20 17:00:00,109.27,Building A
2024-01-20 18:00:00,72.66,Building A
2024-01-20 19:00:00,77.04,Building A
2024-01-20 20:00:00,68.42,Building A
2024-01-20 21:00:00,71.83,Building A
2024-01-20 22:00:00,56.84,Building A
2024-01-20 23:00:00,45.59,Building A
2024-01-21 00:00:00,42.08,Building A
2024-01-21 01:00:00,49.51,Building A
2024-01-21 02:00:00,40.06,Building A
2024-01-21 03:00:00,36.57,Building A
2024-01-21 04:00:00,44.35,Building A
2024-01-21 05:00:00,40.24,Building A
2024-01-21 06:00:00,63.78,Building A
2024-01-21 07:00:00,61.06,Building A
2024-01-21 08:00:00,57.63,Building A
2024-01-21 09:00:00,107.32,Building A
2024-01-21 10:00:00,108.86,Building A
2024-01-21 11:00:00,101.72,Building A
2024-01-21 12:00:00,92.82,Building A
2024-01-21 13:00:00,98.46,Building A
2024-01-21 14:00:00,100.96,Building A
2024-01-21 15:00:00,98.04,Building A
2024-01-21 16:00:00,89.11,Building A
2024-01-21 17:00:00,92.12,Building A
2024-01-21 18:00:00,71.7,Building A
2024-01-21 19:00:00,72.71,Building A
2024-01-21 20:00:00,79.0,Building A
2024-01-21 21:00:00,78.08,Building A
2024-01-21 22:00:00,55.99,Building A
2024-01-21 23:00:00,56.33,Building A
2024-01-22 00:00:00,81.27,Building A
2024-01-22 01:00:00,61.2,Building A
2024-01-22 02:00:00,73.22,Building A
2024-01-22 03:00:00,68.86,Building A
2024-01-22 04:00:00,79.76,Building A
2024-01-22 05:00:00,64.58,Building A
2024-01-22 06:00:00,121.3,Building A
2024-01-22 07:00:00,118.02,Building A
2024-01-22 08:00:00,121.01,Building A
2024-01-22 09:00:00,164.98,Building A
2024-01-22 10:00:00,161.11,Building A
2024-01-22 11:00:00,147.48,Building A
2024-01-22 12:00:00,149.13,Building A
2024-01-22 13:00:00,157.82,Building A
2024-01-22 14:00:00,168.31,Building A
2024-01-22 15:00:00,155.02,Building A
2024-01-22 16:00:00,167.47,Building A
2024-01-22 17:00:00,154.05,Building A
2024-01-22 18:00:00,122.09,Building A
2024-01-22 19:00:00,123.82,Building A
2024-01-22 20:00:00,135.5,Building A
2024-01-22 21:00:00,123.67,Building A
2024-01-22 22:00:00,77.86,Building A
2024-01-22 23:00:00,78.84,Building A
2024-01-23 00:00:00,71.63,Building A
2024-01-23 01:00:00,70.11,Building A
2024-01-23 02:00:00,69.21,Building A
2024-01-23 03:00:00,65.98,Building A
2024-01-23 04:00:00,66.91,Building A
2024-01-23 05:00:00,73.45,Building A
2024-01-23 06:00:00,113.55,Building A
2024-01-23 07:00:00,98.83,Building A
2024-01-23 08:00:00,111.56,Building A
2024-01-23 09:00:00,166.29,Building A
2024-01-23 10:00:00,144.05,Building A
2024-01-23 11:00:00,154.16,Building A
2024-01-23 12:00:00,158.01,Building A
2024-01-23 13:00:00,154.65,Building A
2024-01-23 14:00:00,170.59,Building A
2024-01-23 15:00:00,183.75,Building A
2024-01-23 16:00:00,151.69,Building A
2024-01-23 17:00:00,161.62,Building A
2024-01-23 18:00:00,133.98,Building A
2024-01-23 19:00:00,129.15,Building A
2024-01-23 20:00:00,137.39,Building A
2024-01-23 21:00:00,122.54,Building A
2024-01-23 22:00:00,90.08,Building A
2024-01-23 23:00:00,74.14,Building A
2024-01-24 00:00:00,75.56,Building A
2024-01-24 01:00:00,75.12,Building A
2024-01-24 02:00:00,67.86,Building A
2024-01-24 03:00:00,66.27,Building A
2024-01-24 04:00:00,63.22,Building A
2024-01-24 05:00:00,75.36,Building A
2024-01-24 06:00:00,121.02,Building A
2024-01-24 07:00:00,113.13,Building A
2024-01-24 08:00:00,97.55,Building A
2024-01-24 09:00:00,168.19,Building A
2024-01-24 10:00:00,160.57,Building A
2024-01-24 11:00:00,170.93,Building A
2024-01-24 12:00:00,182.16,Building A
2024-01-24 13:00:00,154.69,Building A
2024-01-24 14:00:00,183.42,Building A
2024-01-24 15:00:00,164.58,Building A
2024-01-24 16:00:00,174.05,Building A
2024-01-24 17:00:00,140.92,Building A
2024-01-24 18:00:00,129.97,Building A
2024-01-24 19:00:00,128.71,Building A
2024-01-24 20:00:00,134.32,Building A
2024-01-24 21:00:00,124.86,Building A
2024-01-24 22:00:00,98.37,Building A
2024-01-24 23:00:00,85.25,Building A
2024-01-25 00:00:00,68.77,Building A
2024-01-25 01:00:00,63.64,Building A
2024-01-25 02:00:00,61.57,Building A
2024-01-25 03:00:00,80.11,Building A
2024-01-25 04:00:00,77.33,Building A
2024-01-25 05:00:00,81.0,Building A
2024-01-25 06:00:00,101.44,Building A
2024-01-25 07:00:00,95.22,Building A
2024-01-25 08:00:00,112.69,Building A
2024-01-25 09:00:00,152.28,Building A
2024-01-25 10:00:00,177.06,Building A
2024-01-25 11:00:00,166.12,Building A
2024-01-25 12:00:00,180.18,Building A
2024-01-25 13:00:00,164.73,Building A
2024-01-25 14:00:00,152.23,Building A
2024-01-25 15:00:00,171.41,Building A
2024-01-25 16:00:00,165.48,Building A
2024-01-25 17:00:00,158.62,Building A
2024-01-25 18:00:00,124.34,Building A
2024-01-25 19:00:00,118.37,Building A
2024-01-25 20:00:00,107.94,Building A
2024-01-25 21:00:00,111.96,Building A
2024-01-25 22:00:00,81.66,Building A
2024-01-25 23:00:00,82.45,Building A
2024-01-26 00:00:00,65.44,Building A
2024-01-26 01:00:00,74.01,Building A
2024-01-26 02:00:00,70.98,Building A
2024-01-26 03:00:00,67.19,Building A
2024-01-26 04:00:00,75.88,Building A
2024-01-26 05:00:00,71.47,Building A
2024-01-26 06:00:00,114.98,Building A
2024-01-26 07:00:00,106.88,Building A
2024-01-26 08:00:00,105.32,Building A
2024-01-26 09:00:00,157.24,Building A
2024-01-26 10:00:00,168.12,Building A
2024-01-26 11:00:00,153.25,Building A
2024-01-26 12:00:00,149.82,Building A
2024-01-26 13:00:00,139.22,Building A
2024-01-26 14:00:00,167.08,Building A
2024-01-26 15:00:00,157.49,Building A
2024-01-26 16:00:00,175.09,Building A
2024-01-26 17:00:00,160.34,Building A
2024-01-26 18:00:00,115.82,Building A
2024-01-26 19:00:00,118.02,Building A
2024-01-26 20:00:00,129.05,Building A
2024-01-26 21:00:00,130.4,Building A
2024-01-26 22:00:00,89.66,Building A
2024-01-26 23:00:00,74.56,Building A
2024-01-27 00:00:00,40.83,Building A
2024-01-27 01:00:00,47.66,Building A
2024-01-27 02:00:00,40.49,Building A
2024-01-27 03:00:00,45.77,Building A
2024-01-27 04:00:00,48.31,Building A
2024-01-27 05:00:00,40.4,Building A
2024-01-27 06:00:00,63.05,Building A
2024-01-27 07:00:00,56.9,Building A
2024-01-27 08:00:00,58.24,Building A
2024-01-27 09:00:00,83.7,Building A
2024-01-27 10:00:00,96.05,Building A
2024-01-27 11:00:00,100.6,Building A
2024-01-27 12:00:00,94.02,Building A
2024-01-27 13:00:00,102.9,Building A
2024-01-27 14:00:00,100.35,Building A
2024-01-27 15:00:00,92.38,Building A
2024-01-27 16:00:00,99.21,Building A
2024-01-27 17:00:00,90.41,Building A
2024-01-27 18:00:00,69.62,Building A
2024-01-27 19:00:00,75.14,Building A
2024-01-27 20:00:00,72.49,Building A
2024-01-27 21:00:00,72.12,Building A
2024-01-27 22:00:00,53.07,Building A
2024-01-27 23:00:00,50.05,Building A
2024-01-28 00:00:00,44.74,Building A
2024-01-28 01:00:00,48.69,Building A
2024-01-28 02:00:00,41.56,Building A
2024-01-28 03:00:00,40.26,Building A
2024-01-28 04:00:00,35.81,Building A
2024-01-28 05:00:00,48.87,Building A
2024-01-28 06:00:00,65.82,Building A
2024-01-28 07:00:00,65.56,Building A
2024-01-28 08:00:00,60.46,Building A
2024-01-28 09:00:00,85.92,Building A
2024-01-28 10:00:00,106.15,Building A
2024-01-28 11:00:00,93.51,Building A
2024-01-28 12:00:00,88.32,Building A
2024-01-28 13:00:00,90.05,Building A
2024-01-28 14:00:00,103.15,Building A
2024-01-28 15:00:00,100.05,Building A
2024-01-28 16:00:00,89.84,Building A
2024-01-28 17:00:00,102.25,Building A
2024-01-28 18:00:00,68.8,Building A
2024-01-28 19:00:00,79.54,Building A
2024-01-28 20:00:00,77.61,Building A
2024-01-28 21:00:00,67.55,Building A
2024-01-28 22:00:00,55.98,Building A
2024-01-28 23:00:00,52.62,Building A
2024-01-29 00:00:00,70.59,Building A
2024-01-29 01:00:00,69.68,Building A
2024-01-29 02:00:00,78.09,Building A
2024-01-29 03:00:00,83.45,Building A
2024-01-29 04:00:00,73.86,Building A
2024-01-29 05:00:00,83.45,Building A
2024-01-29 06:00:00,104.57,Building A
2024-01-29 07:00:00,100.29,Building A
2024-01-29 08:00:00,115.0,Building A
2024-01-29 09:00:00,173.24,Building A
2024-01-29 10:00:00,176.7,Building A
2024-01-29 11:00:00,172.46,Building A
2024-01-29 12:00:00,157.12,Building A
2024-01-29 13:00:00,162.94,Building A
2024-01-29 14:00:00,150.37,Building A
2024-01-29 15:00:00,162.05,Building A
2024-01-29 16:00:00,172.61,Building A
2024-01-29 17:00:00,154.64,Building A
2024-01-29 18:00:00,120.36,Building A
2024-01-29 19:00:00,112.94,Building A
2024-01-29 20:00:00,114.67,Building A
2024-01-29 21:00:00,134.83,Building A
2024-01-29 22:00:00,81.26,Building A
2024-01-29 23:00:00,81.97,Building A
2024-01-30 00:00:00,74.53,Building A
2024-01-30 01:00:00,74.03,Building A
2024-01-30 02:00:00,79.06,Building A
2024-01-30 03:00:00,74.16,Building A
2024-01-30 04:00:00,67.63,Building A
2024-01-30 05:00:00,64.9,Building A
2024-01-30 06:00:00,102.13,Building A
2024-01-30 07:00:00,116.23,Building A
2024-01-30 08:00:00,111.36,Building A
2024-01-30 09:00:00,147.42,Building A
2024-01-30 10:00:00,168.18,Building A
2024-01-30 11:00:00,162.17,Building A
2024-01-30 12:00:00,154.2,Building A
2024-01-30 13:00:00,150.01,Building A
2024-01-30 14:00:00,163.44,Building A
2024-01-30 15:00:00,152.51,Building A
2024-01-30 16:00:00,168.95,Building A
2024-01-30 17:00:00,160.98,Building A
2024-01-30 18:00:00,129.7,Building A
2024-01-30 19:00:00,104.28,Building A
2024-01-30 20:00:00,118.86,Building A
2024-01-30 21:00:00,115.34,Building A
2024-01-30 22:00:00,75.01,Building A
2024-01-30 23:00:00,93.38,Building A
